{
    "x": -3.1463406085968019,
    "y": 6.661689281463623,
    "z": 0.0
}