{
    "x": -1.086958408355713,
    "y": 5.252629280090332,
    "z": 0.0
}