{
    "x": -10.33616828918457,
    "y": 2.9041929244995119,
    "z": 0.0
}